<?xml version="1.0" encoding="UTF-8"?>
<metadata xmlns="http://www.demandware.com/xml/impex/metadata/2006-10-31">
    <type-extension type-id="SitePreferences">
        <custom-attribute-definitions>
            <attribute-definition attribute-id="noibuEnabled">
                <display-name xml:lang="x-default">Noibu Enabled</display-name>
                <description xml:lang="x-default">Noibu Enabled</description>
                <type>boolean</type>
                <mandatory-flag>false</mandatory-flag>
                <externally-managed-flag>false</externally-managed-flag>
                <default-value>false</default-value>
            </attribute-definition>
            <attribute-definition attribute-id="noibuCDNEnabled">
                <display-name xml:lang="x-default">Noibu CDN Enabled</display-name>
                <description xml:lang="x-default">Noibu CDN Enabled</description>
                <type>boolean</type>
                <mandatory-flag>false</mandatory-flag>
                <externally-managed-flag>false</externally-managed-flag>
                <default-value>false</default-value>
            </attribute-definition>
            <attribute-definition attribute-id="noibuSessionTrackingEnabled">
                <display-name xml:lang="x-default">Noibu Session Tracking Enabled</display-name>
                <description xml:lang="x-default">Noibu Session Tracking Enabled</description>
                <type>boolean</type>
                <mandatory-flag>false</mandatory-flag>
                <externally-managed-flag>false</externally-managed-flag>
                <default-value>false</default-value>
            </attribute-definition>
            <attribute-definition attribute-id="noibuTrackingSDK">
                <display-name xml:lang="x-default">Noibu Tracking SDK</display-name>
                <description xml:lang="x-default">Noibu Tracking SDK</description>
                <type>string</type>
                <mandatory-flag>false</mandatory-flag>
                <externally-managed-flag>false</externally-managed-flag>
                <min-length>0</min-length>
                <default-value>https://cdn.noibu.com/collect-core.js</default-value>
            </attribute-definition>
        </custom-attribute-definitions>
        <group-definitions>
            <attribute-group group-id="noibuConfigurations">
                <display-name xml:lang="x-default">Noibu Configurations</display-name>
                <attribute attribute-id="noibuEnabled"/>
                <attribute attribute-id="noibuCDNEnabled"/>
                <attribute attribute-id="noibuSessionTrackingEnabled"/>
                <attribute attribute-id="noibuTrackingSDK"/>
            </attribute-group>
        </group-definitions>
    </type-extension>
</metadata>
